id,gender
1,women
2,women
3,man
5,man
6,man
7,man
9,women
11,man
12,women
13,man
14,man
15,man
16,women
17,man
18,man
19,man
20,man
21,man
26,man
28,man
29,man
30,man
31,women
33,women
34,women
36,women
37,women
38,man
39,women
40,man
43,man
47,man
48,man
49,man
50,women
51,women
52,man
54,man
55,man
57,man
58,man
59,women
61,women
63,women
65,women
66,man
68,women
70,man
71,man
72,women
73,man
74,man
76,man
81,women
82,man
83,man
85,women
87,man
88,man
90,women
91,man
92,man
93,man
94,man
96,man
99,women
100,man
102,women
103,man
105,man
108,man
109,man
110,women
113,man
114,man
115,women
116,man
117,man
118,women
119,man
121,man
122,women
123,women
125,man
126,women
127,man
128,man
129,women
132,man
133,women
134,women
135,women
137,man
138,women
139,man
141,man
142,women
143,man
144,women
146,women
147,women
148,man
149,man
150,man
151,man
153,man
154,women
155,man
156,women
158,women
159,man
161,man
163,man
164,women
165,women
167,man
168,women
170,man
172,man
174,women
175,man
176,women
178,man
180,man
181,man
184,women
186,man
187,man
188,man
190,women
191,man
192,women
193,man
196,women
197,man
199,women
202,man
204,women
205,women
206,women
207,man
208,man
209,women
210,man
211,man
214,man
215,man
216,women
218,man
219,man
220,man
221,man
222,man
224,women
229,man
230,women
231,man
232,women
234,man
237,man
238,man
240,man
241,man
243,women
245,man
246,women
247,man
248,man
249,women
250,women
251,man
252,women
254,women
255,man
256,women
257,women
258,women
260,women
262,man
263,man
264,man
265,man
271,man
272,man
274,women
277,man
278,women
280,man
281,women
282,women
283,man
285,man
286,man
288,women
290,man
291,man
294,women
297,man
299,man
301,women
302,man
303,women
305,man
306,women
307,women
309,women
311,women
312,man
313,women
314,man
316,man
319,women
321,man
322,women
325,man
327,women
328,women
329,man
331,man
333,man
334,women
335,women
338,women
339,women
342,man
343,women
344,man
345,women
346,man
347,women
348,man
350,man
351,women
352,man
354,women
356,women
357,man
358,man
360,man
363,man
364,man
365,man
366,women
368,man
369,man
370,man
372,man
373,man
375,women
376,women
377,man
378,man
379,man
381,women
383,man
385,man
386,man
387,man
388,man
389,man
390,women
391,man
393,women
394,man
397,man
398,women
399,women
400,man
402,women
403,man
404,women
405,women
406,man
407,man
408,man
410,women
412,man
413,man
414,women
416,women
417,women
418,man
419,man
421,women
422,man
423,man
424,women
425,man
428,man
429,man
432,man
433,man
434,women
436,women
437,man
439,women
440,man
441,man
442,women
444,man
445,man
446,man
447,man
448,women
449,women
450,man
456,man
457,women
458,man
459,man
460,man
461,women
462,man
463,women
464,man
468,man
469,man
470,man
471,man
472,man
473,man
475,women
477,women
480,women
482,man
483,women
484,man
485,man
486,women
488,women
490,women
491,women
492,man
493,women
494,women
495,women
496,women
498,man
500,man
502,women
503,man
505,women
506,women
508,man
509,man
512,man
513,man
515,man
517,man
518,man
520,man
521,man
522,man
524,man
525,man
526,man
527,man
528,women
529,man
530,women
531,man
533,man
534,man
539,man
540,man
541,man
542,man
545,women
546,man
547,women
548,women
551,man
552,man
553,man
554,man
555,man
557,women
558,man
559,women
560,man
561,women
562,women
563,man
564,man
568,man
569,women
570,man
571,women
573,man
574,man
575,women
576,man
577,women
578,women
579,man
580,man
581,man
584,women
585,man
587,women
588,man
589,man
590,women
592,man
595,man
596,man
598,man
599,man
600,women
601,women
602,man
603,man
605,man
606,man
608,man
610,man
612,man
613,man
614,man
615,women
616,women
617,man
620,man
622,man
623,man
624,man
625,man
626,man
629,women
632,man
633,man
634,women
635,women
636,man
637,women
640,women
641,women
643,man
644,man
646,man
647,women
648,man
651,man
652,women
653,women
654,women
655,man
656,man
658,women
661,women
663,man
664,man
666,women
667,women
669,man
671,man
673,man
674,women
676,women
677,women
679,man
681,man
682,man
683,man
684,women
685,man
687,man
688,man
690,women
691,women
693,women
695,man
696,man
697,women
700,women
701,women
702,women
703,women
704,women
705,man
707,women
709,women
710,man
711,man
712,women
713,women
714,man
715,man
716,women
720,women
722,man
723,man
725,man
726,man
727,man
728,man
729,man
730,women
731,man
733,women
734,man
735,women
736,man
737,man
739,women
740,man
742,man
744,women
745,women
746,man
747,man
748,man
749,man
750,man
751,women
752,man
754,man
756,man
760,women
761,man
762,man
763,man
764,women
765,man
768,women
770,man
771,women
772,women
773,man
774,man
777,women
780,man
781,man
782,women
784,women
785,man
787,man
788,man
790,man
791,man
792,man
795,man
797,women
799,man
802,women
803,man
806,women
807,man
808,man
809,man
811,man
813,women
814,man
815,man
816,man
819,women
820,women
822,women
823,man
824,women
825,man
826,man
827,man
830,man
831,man
832,man
833,man
835,women
836,women
838,man
839,man
840,man
841,women
842,women
844,man
846,man
847,man
848,women
849,women
850,man
852,women
853,man
855,man
856,man
857,women
859,women
860,women
861,women
862,women
863,women
864,women
865,man
866,women
867,man
868,women
869,man
871,man
875,man
876,man
877,man
878,man
879,man
881,women
883,women
884,women
885,man
886,man
888,man
890,women
891,man
892,women
893,man
894,man
895,man
896,women
897,man
898,man
900,women
901,man
903,man
904,man
905,man
906,man
907,women
909,women
910,man
911,man
912,man
913,man
914,man
915,man
917,women
918,man
920,man
921,man
922,women
923,man
924,man
925,man
927,women
928,women
929,man
930,man
931,women
932,man
933,man
934,man
938,man
939,man
940,man
941,man
942,man
943,women
944,man
945,man
946,women
947,man
948,women
949,man
951,man
953,women
954,man
955,women
958,man
959,man
960,women
961,women
962,man
963,man
964,women
965,man
966,women
967,man
968,man
969,man
970,women
971,man
972,women
973,man
977,women
978,man
979,man
980,women
981,man
982,women
983,man
984,women
985,man
986,man
987,women
989,man
990,man
991,women
992,women
993,man
995,women
996,man
997,man
999,women
1000,man
1001,women
1002,man
1003,man
1004,women
1005,women
1006,women
1007,man
1008,man
1009,women
1010,women
